{
  "metrics": {
    "avg": 0.5758373737335205,
    "completed": 1,
    "dev": null,
    "max": 0.5758373737335205,
    "min": 0.5758373737335205,
    "waiting": 0
  }
}
