{
  "metrics": {
    "avg": 0.6916985511779785,
    "completed": 1,
    "dev": null,
    "max": 0.6916985511779785,
    "min": 0.6916985511779785,
    "waiting": 0
  }
}
