{
  "metrics": {
    "avg": 0.11004078388214111,
    "completed": 2,
    "dev": 0.007267750875172396,
    "max": 0.17032241821289062,
    "min": 0.0497591495513916,
    "waiting": 0
  }
}
