{
  "metrics": {
    "avg": 0.6573468446731567,
    "completed": 2,
    "dev": 0.0023600794795868296,
    "max": 0.6916985511779785,
    "min": 0.622995138168335,
    "waiting": 0
  }
}
