{
  "metrics": {
    "metrics": {
      "avg": 2.0015846490859985,
      "completed": 2,
      "dev": 8.01242452090267,
      "max": 4.003137111663818,
      "min": 3.218650817871094e-05,
      "waiting": 0
    }
  }
}
