{
  "requests": [
    {
      "id": "3403aa1b-0102-4f72-bb0a-7e4f01e61196",
      "instances": [
        1.0,
        2.0,
        3.0
      ],
      "model": "fc01c170-7d1f-4a36-aa88-a9a79fde638a",
      "response": 0,
      "ts_in": 1565537447.3631275,
      "ts_out": 1565537449.3644645
    },
    {
      "id": "3c1db289-31f1-491e-b11b-002958ef7424",
      "instances": [
        1.0,
        2.0,
        3.0
      ],
      "model": "fc01c170-7d1f-4a36-aa88-a9a79fde638a",
      "response": 0,
      "ts_in": 1565537448.075893,
      "ts_out": 1565537450.0764365
    }
  ]
}
