{
  "metrics": {
    "avg": 2.1696090698242188e-05,
    "completed": 2,
    "dev": 5.013589543523267e-11,
    "max": 2.6702880859375e-05,
    "min": 1.6689300537109375e-05,
    "waiting": 0
  }
}
